"geoscale";"timescale";"module";"eucalc-name";"lever";"level";"string-pivot";"type-prefix";"module-prefix";"element";"item";"unit";"value";"reference-id";"interaction-file"
"constant";"constant";"constants";"cp_tra_emission-factor_CH4_diesel[Mt/TWh]";"none";0;"none";"cp";"tra";"emission-factor";"CH4_diesel";"Mt/TWh";0.00004;"missing-reference";"interactions_constants"
"constant";"constant";"constants";"cp_tra_emission-factor_CH4_gas[Mt/TWh]";"none";0;"none";"cp";"tra";"emission-factor";"CH4_gas";"Mt/TWh";0.00027;"missing-reference";"interactions_constants"
"constant";"constant";"constants";"cp_tra_emission-factor_CH4_gasoline[Mt/TWh]";"none";0;"none";"cp";"tra";"emission-factor";"CH4_gasoline";"Mt/TWh";0.00076;"missing-reference";"interactions_constants"
"constant";"constant";"constants";"cp_tra_emission-factor_CH4_hydrogen[Mt/TWh]";"none";0;"none";"cp";"tra";"emission-factor";"CH4_hydrogen";"Mt/TWh";0;"missing-reference";"interactions_constants"
"constant";"constant";"constants";"cp_tra_emission-factor_CH4_kerosene[Mt/TWh]";"none";0;"none";"cp";"tra";"emission-factor";"CH4_kerosene";"Mt/TWh";0.00014;"missing-reference";"interactions_constants"
"constant";"constant";"constants";"cp_tra_emission-factor_CH4_marinefueloil[Mt/TWh]";"none";0;"none";"cp";"tra";"emission-factor";"CH4_marinefueloil";"Mt/TWh";0.00011;"missing-reference";"interactions_constants"
"constant";"constant";"constants";"cp_tra_emission-factor_CO2_diesel[Mt/TWh]";"none";0;"none";"cp";"tra";"emission-factor";"CO2_diesel";"Mt/TWh";0.26534;"missing-reference";"interactions_constants"
"constant";"constant";"constants";"cp_tra_emission-factor_CO2_gas[Mt/TWh]";"none";0;"none";"cp";"tra";"emission-factor";"CO2_gas";"Mt/TWh";0.20399;"missing-reference";"interactions_constants"
"constant";"constant";"constants";"cp_tra_emission-factor_CO2_gasoline[Mt/TWh]";"none";0;"none";"cp";"tra";"emission-factor";"CO2_gasoline";"Mt/TWh";0.25199;"missing-reference";"interactions_constants"
"constant";"constant";"constants";"cp_tra_emission-factor_CO2_hydrogen[Mt/TWh]";"none";0;"none";"cp";"tra";"emission-factor";"CO2_hydrogen";"Mt/TWh";0;"missing-reference";"interactions_constants"
"constant";"constant";"constants";"cp_tra_emission-factor_CO2_kerosene[Mt/TWh]";"none";0;"none";"cp";"tra";"emission-factor";"CO2_kerosene";"Mt/TWh";0.25814;"missing-reference";"interactions_constants"
"constant";"constant";"constants";"cp_tra_emission-factor_CO2_marinefueloil[Mt/TWh]";"none";0;"none";"cp";"tra";"emission-factor";"CO2_marinefueloil";"Mt/TWh";0.27529;"missing-reference";"interactions_constants"
"constant";"constant";"constants";"cp_tra_emission-factor_N2O_diesel[Mt/TWh]";"none";0;"none";"cp";"tra";"emission-factor";"N2O_diesel";"Mt/TWh";0.00372;"missing-reference";"interactions_constants"
"constant";"constant";"constants";"cp_tra_emission-factor_N2O_gas[Mt/TWh]";"none";0;"none";"cp";"tra";"emission-factor";"N2O_gas";"Mt/TWh";0.00011;"missing-reference";"interactions_constants"
"constant";"constant";"constants";"cp_tra_emission-factor_N2O_gasoline[Mt/TWh]";"none";0;"none";"cp";"tra";"emission-factor";"N2O_gasoline";"Mt/TWh";0.00074;"missing-reference";"interactions_constants"
"constant";"constant";"constants";"cp_tra_emission-factor_N2O_hydrogen[Mt/TWh]";"none";0;"none";"cp";"tra";"emission-factor";"N2O_hydrogen";"Mt/TWh";0;"missing-reference";"interactions_constants"
"constant";"constant";"constants";"cp_tra_emission-factor_N2O_kerosene[Mt/TWh]";"none";0;"none";"cp";"tra";"emission-factor";"N2O_kerosene";"Mt/TWh";0.00244;"missing-reference";"interactions_constants"
"constant";"constant";"constants";"cp_tra_emission-factor_N2O_marinefueloil[Mt/TWh]";"none";0;"none";"cp";"tra";"emission-factor";"N2O_marinefueloil";"Mt/TWh";0.00391;"missing-reference";"interactions_constants"
"constant";"constant";"interactions";"cp_emission-factor_CO2_electricity-heatpumps[Mt/TWh]";"constant";0;"none";"none";"cp";"emission-factor_CO2";"electricity-heatpumps";"Mt/TWh";0;"to-fill";"interactions_constants"
"constant";"constant";"interactions";"cp_emission-factor_CO2_gas-bio[Mt/TWh]";"constant";0;"none";"none";"cp";"emission-factor_CO2";"gas-bio";"Mt/TWh";0;"to-fill";"interactions_constants"
"constant";"constant";"interactions";"cp_emission-factor_CO2_liquid-bio-diesel[Mt/TWh]";"constant";0;"none";"none";"cp";"emission-factor_CO2";"liquid-bio-diesel";"Mt/TWh";0;"to-fill";"interactions_constants"
"constant";"constant";"interactions";"cp_emission-factor_CO2_liquid-bio-gasoline[Mt/TWh]";"constant";0;"none";"none";"cp";"emission-factor_CO2";"liquid-bio-gasoline";"Mt/TWh";0;"to-fill";"interactions_constants"
"constant";"constant";"interactions";"cp_emission-factor_CO2_solid-bio[Mt/TWh]";"constant";0;"none";"none";"cp";"emission-factor_CO2";"solid-bio";"Mt/TWh";0;"to-fill";"interactions_constants"
"constant";"constant";"interactions";"cp_emission-factor_CO2_solid-waste[Mt/TWh]";"constant";0;"none";"none";"cp";"emission-factor_CO2";"solid-waste";"Mt/TWh";0;"to-fill";"interactions_constants"
"constant";"constant";"interactions";"cp_emission-factor_CH4_gas-ff-natural[Mt/TWh]";"constant";0;"none";"cp";"none";"tec";"emission-factor_CH4_gas-ff-natural";"Mt/TWh";0;"missing-reference";"interactions_constants"
"constant";"constant";"interactions";"cp_emission-factor_CH4_heat-ambient[Mt/TWh]";"constant";0;"none";"cp";"none";"tec";"emission-factor_CH4_heat-ambient";"Mt/TWh";0;"missing-reference";"interactions_constants"
"constant";"constant";"interactions";"cp_emission-factor_CH4_heat-geothermal[Mt/TWh]";"constant";0;"none";"cp";"none";"tec";"emission-factor_CH4_heat-geothermal";"Mt/TWh";0;"missing-reference";"interactions_constants"
"constant";"constant";"interactions";"cp_emission-factor_CH4_heat-solar[Mt/TWh]";"constant";0;"none";"cp";"none";"tec";"emission-factor_CH4_heat-solar";"Mt/TWh";0;"missing-reference";"interactions_constants"
"constant";"constant";"interactions";"cp_emission-factor_CH4_liquid-ff-heatingoil[Mt/TWh]";"constant";0;"none";"cp";"none";"tec";"emission-factor_CH4_liquid-ff-heatingoil";"Mt/TWh";0;"missing-reference";"interactions_constants"
"constant";"constant";"interactions";"cp_emission-factor_CH4_solid-bio-pellets[Mt/TWh]";"constant";0;"none";"cp";"none";"tec";"emission-factor_CH4_solid-bio-pellets";"Mt/TWh";0;"missing-reference";"interactions_constants"
"constant";"constant";"interactions";"cp_emission-factor_CH4_solid-bio-woodlog[Mt/TWh]";"constant";0;"none";"cp";"none";"tec";"emission-factor_CH4_solid-bio-woodlog";"Mt/TWh";0;"missing-reference";"interactions_constants"
"constant";"constant";"interactions";"cp_emission-factor_CH4_solid-ff-coal[Mt/TWh]";"constant";0;"none";"cp";"none";"tec";"emission-factor_CH4_solid-ff-coal";"Mt/TWh";0;"missing-reference";"interactions_constants"
"constant";"constant";"interactions";"cp_emission-factor_CO2_electricity[Mt/TWh]";"constant";0;"none";"cp";"none";"tec";"emission-factor_CO2_electricity";"Mt/TWh";0;"missing-reference";"interactions_constants"
"constant";"constant";"interactions";"cp_emission-factor_CO2_gas-ff-natural[Mt/TWh]";"constant";0;"none";"cp";"none";"tec";"emission-factor_CO2_gas-ff-natural";"Mt/TWh";0.25;"missing-reference";"interactions_constants"
"constant";"constant";"interactions";"cp_emission-factor_CO2_heat-ambient[Mt/TWh]";"constant";0;"none";"cp";"none";"tec";"emission-factor_CO2_heat-ambient";"Mt/TWh";0;"missing-reference";"interactions_constants"
"constant";"constant";"interactions";"cp_emission-factor_CO2_heat-district[Mt/TWh]";"constant";0;"none";"cp";"none";"tec";"emission-factor_CO2_heat-district";"Mt/TWh";0;"missing-reference";"interactions_constants"
"constant";"constant";"interactions";"cp_emission-factor_CO2_heat-geothermal[Mt/TWh]";"constant";0;"none";"cp";"none";"tec";"emission-factor_CO2_heat-geothermal";"Mt/TWh";0;"missing-reference";"interactions_constants"
"constant";"constant";"interactions";"cp_emission-factor_CO2_heat-solar[Mt/TWh]";"constant";0;"none";"cp";"none";"tec";"emission-factor_CO2_heat-solar";"Mt/TWh";0;"missing-reference";"interactions_constants"
"constant";"constant";"interactions";"cp_emission-factor_CO2_liquid-ff-heatingoil[Mt/TWh]";"constant";0;"none";"cp";"none";"tec";"emission-factor_CO2_liquid-ff-heatingoil";"Mt/TWh";0.319;"missing-reference";"interactions_constants"
"constant";"constant";"interactions";"cp_emission-factor_CO2_solid-bio-pellets[Mt/TWh]";"constant";0;"none";"cp";"none";"tec";"emission-factor_CO2_solid-bio-pellets";"Mt/TWh";0;"missing-reference";"interactions_constants"
"constant";"constant";"interactions";"cp_emission-factor_CO2_solid-bio-woodlog[Mt/TWh]";"constant";0;"none";"cp";"none";"tec";"emission-factor_CO2_solid-bio-woodlog";"Mt/TWh";0;"missing-reference";"interactions_constants"
"constant";"constant";"interactions";"cp_emission-factor_CO2_solid-ff-coal[Mt/TWh]";"constant";0;"none";"cp";"none";"tec";"emission-factor_CO2_solid-ff-coal";"Mt/TWh";0.4499999999999999;"missing-reference";"interactions_constants"
"constant";"constant";"interactions";"cp_emission-factor_N2O_gas-ff-natural[Mt/TWh]";"constant";0;"none";"cp";"none";"tec";"emission-factor_N2O_gas-ff-natural";"Mt/TWh";0;"missing-reference";"interactions_constants"
"constant";"constant";"interactions";"cp_emission-factor_N2O_heat-ambient[Mt/TWh]";"constant";0;"none";"cp";"none";"tec";"emission-factor_N2O_heat-ambient";"Mt/TWh";0;"missing-reference";"interactions_constants"
"constant";"constant";"interactions";"cp_emission-factor_N2O_heat-geothermal[Mt/TWh]";"constant";0;"none";"cp";"none";"tec";"emission-factor_N2O_heat-geothermal";"Mt/TWh";0;"missing-reference";"interactions_constants"
"constant";"constant";"interactions";"cp_emission-factor_N2O_heat-solar[Mt/TWh]";"constant";0;"none";"cp";"none";"tec";"emission-factor_N2O_heat-solar";"Mt/TWh";0;"missing-reference";"interactions_constants"
"constant";"constant";"interactions";"cp_emission-factor_N2O_liquid-ff-heatingoil[Mt/TWh]";"constant";0;"none";"cp";"none";"tec";"emission-factor_N2O_liquid-ff-heatingoil";"Mt/TWh";0;"missing-reference";"interactions_constants"
"constant";"constant";"interactions";"cp_emission-factor_N2O_solid-bio-pellets[Mt/TWh]";"constant";0;"none";"cp";"none";"tec";"emission-factor_N2O_solid-bio-pellets";"Mt/TWh";0;"missing-reference";"interactions_constants"
"constant";"constant";"interactions";"cp_emission-factor_N2O_solid-bio-woodlog[Mt/TWh]";"constant";0;"none";"cp";"none";"tec";"emission-factor_N2O_solid-bio-woodlog";"Mt/TWh";0;"missing-reference";"interactions_constants"
"constant";"constant";"interactions";"cp_emission-factor_N2O_solid-ff-coal[Mt/TWh]";"constant";0;"none";"cp";"none";"tec";"emission-factor_N2O_solid-ff-coal";"Mt/TWh";0;"missing-reference";"interactions_constants"
"constant";"constant";"interactions";"cp_emission-factor_SO2_gas-ff-natural[Mt/TWh]";"constant";0;"none";"cp";"none";"tec";"emission-factor_SO2_gas-ff-natural";"Mt/TWh";0;"missing-reference";"interactions_constants"
"constant";"constant";"interactions";"cp_emission-factor_SO2_liquid-ff-heatingoil[Mt/TWh]";"constant";0;"none";"cp";"none";"tec";"emission-factor_SO2_liquid-ff-heatingoil";"Mt/TWh";0;"missing-reference";"interactions_constants"
"constant";"constant";"interactions";"cp_emission-factor_SO2_solid-bio-pellets[Mt/TWh]";"constant";0;"none";"cp";"none";"tec";"emission-factor_SO2_solid-bio-pellets";"Mt/TWh";0;"missing-reference";"interactions_constants"
"constant";"constant";"interactions";"cp_emission-factor_SO2_solid-bio-woodlog[Mt/TWh]";"constant";0;"none";"cp";"none";"tec";"emission-factor_SO2_solid-bio-woodlog";"Mt/TWh";0;"missing-reference";"interactions_constants"
"constant";"constant";"interactions";"cp_emission-factor_SO2_solid-ff-coal[Mt/TWh]";"constant";0;"none";"cp";"none";"tec";"emission-factor_SO2_solid-ff-coal";"Mt/TWh";0;"missing-reference";"interactions_constants"
"constant";"constant";"interactions";"cp_conversion-factor_thousandth[%]";"constant";0;"none";"cp";"cp";"conversion-factor";"thousandth";"%";0.001;"interactions_constants";"interactions_constants"
"constant";"constant";"interactions";"cp_unit-conversion_factor[%]";"constant";0;"none";"cp";"cp";"unit-conversion";"factor";"%";0.001;"interactions_constants";"interactions_constants"
"constant";"constant";"interactions";"cp_packaging_aluminium-factor[%]";"constant";0;"none";"cp";"cp";"packaging";"aluminium-factor";"%";2.5;"interactions_constants";"interactions_constants"
"constant";"constant";"interactions";"cp_appliances_charging-time-share[%]";"constant";0;"none";"cp";"cp";"appliances";"charging-time-share";"%";0.1;"interactions_constants";"interactions_constants"
"constant";"constant";"interactions";"cp_time_days-per-year[days]";"constant";0;"none";"cp";"none";"time";"days-per-year";"days";365;"interactions_constants";"interactions_constants"
"constant";"constant";"interactions";"lfs_appliances_charging-time-share[%]";"constant";0;"none";"none";"lfs";"appliances";"charging-time-share";"%";0.1;"interactions_constants";"to-fill"
"constant";"constant";"constants";"agr-carbon-stock_cropland_cover-crop[tC/ha]";"none";0;"none";"none";"none";"agr-carbon-stock";"cropland_cover-crop_none_none_none_none";"tC/ha";0.16;"interactions_constants";"missing-reference"
"constant";"constant";"constants";"agr-carbon-stock_cropland_cropland[tC/ha]";"none";0;"none";"none";"none";"agr-carbon-stock";"cropland_cropland_none_none_none_none";"tC/ha";2.75;"interactions_constants";"missing-reference"
"constant";"constant";"constants";"agr-carbon-stock_cropland_hedges[tC/ha]";"none";0;"none";"none";"none";"agr-carbon-stock";"cropland_hedges_none_none_none_none";"tC/ha";0.1;"interactions_constants";"missing-reference"
"constant";"constant";"constants";"agr-carbon-stock_cropland_no-till[tC/ha]";"none";0;"none";"none";"none";"agr-carbon-stock";"cropland_no-till_none_none_none_none";"tC/ha";0.1;"interactions_constants";"missing-reference"
"constant";"constant";"constants";"agr-carbon-stock_grassland_grassland[tC/ha]";"none";0;"none";"none";"none";"agr-carbon-stock";"grassland_grassland_none_none_none_none";"tC/ha";2.75;"interactions_constants";"missing-reference"
"constant";"constant";"constants";"agr-carbon-stock_grassland_hedges[tC/ha]";"none";0;"none";"none";"none";"agr-carbon-stock";"grassland_hedges_none_none_none_none";"tC/ha";0.1;"interactions_constants";"missing-reference"
"constant";"constant";"constants";"bioenergy_yield_btx_bionaphta[TWh/TWh]";"none";0;"none";"none";"none";"bioenergy";"yield_btx_bionaphta_none_none_none";"TWh/TWh";3.3333333333333335;"interactions_constants";"missing-reference"
"constant";"constant";"constants";"bioenergy_yield_btx_lgn[TWh/TWh]";"none";0;"none";"none";"none";"bioenergy";"yield_btx_lgn_none_none_none";"TWh/TWh";0.4;"interactions_constants";"missing-reference"
"constant";"constant";"constants";"bioenergy_yield_est_glycerin[TWh/TWh]";"none";0;"none";"none";"none";"bioenergy";"yield_est_glycerin_none_none_none";"TWh/TWh";10;"interactions_constants";"missing-reference"
"constant";"constant";"constants";"bioenergy_yield_est_oil[TWh/TWh]";"none";0;"none";"none";"none";"bioenergy";"yield_est_oil_none_none_none";"TWh/TWh";0.95;"interactions_constants";"missing-reference"
"constant";"constant";"constants";"bioenergy_yield_ezm_lgn[TWh/TWh]";"none";0;"none";"none";"none";"bioenergy";"yield_ezm_lgn_none_none_none";"TWh/TWh";0.3;"interactions_constants";"missing-reference"
"constant";"constant";"constants";"bioenergy_yield_ezm_lignin[TWh/TWh]";"none";0;"none";"none";"none";"bioenergy";"yield_ezm_lignin_none_none_none";"TWh/TWh";10;"interactions_constants";"missing-reference"
"constant";"constant";"constants";"bioenergy_yield_fer_sgr[TWh/TWh]";"none";0;"none";"none";"none";"bioenergy";"yield_fer_sgr_none_none_none";"TWh/TWh";1;"interactions_constants";"missing-reference"
"constant";"constant";"constants";"bioenergy_yield_hvo_bionaphta[TWh/TWh]";"none";0;"none";"none";"none";"bioenergy";"yield_hvo_bionaphta_none_none_none";"TWh/TWh";20;"interactions_constants";"missing-reference"
"constant";"constant";"constants";"bioenergy_yield_hvo_oil[TWh/TWh]";"none";0;"none";"none";"none";"bioenergy";"yield_hvo_oil_none_none_none";"TWh/TWh";0.8;"interactions_constants";"missing-reference"
"constant";"constant";"constants";"bioenergy_yield_hvo_propane[TWh/TWh]";"none";0;"none";"none";"none";"bioenergy";"yield_hvo_propane_none_none_none";"TWh/TWh";20;"interactions_constants";"missing-reference"
"constant";"constant";"constants";"biomass-emission-factors_cropland_ca[tCO2e/ha/an]";"none";0;"none";"none";"none";"biomass-emission-factors";"cropland_ca_none_none_none_none";"tCO2e/ha/an";1.468;"interactions_constants";"missing-reference"
"constant";"constant";"constants";"biomass-emission-factors_cropland_conv[tCO2e/ha/an]";"none";0;"none";"none";"none";"biomass-emission-factors";"cropland_conv_none_none_none_none";"tCO2e/ha/an";0;"interactions_constants";"missing-reference"
"constant";"constant";"constants";"biomass-emission-factors_forest_mature[tCO2e/ha/an]";"none";0;"none";"none";"none";"biomass-emission-factors";"forest_mature_none_none_none_none";"tCO2e/ha/an";2.5;"interactions_constants";"missing-reference"
"constant";"constant";"constants";"biomass-emission-factors_forest_young[tCO2e/ha/an]";"none";0;"none";"none";"none";"biomass-emission-factors";"forest_young_none_none_none_none";"tCO2e/ha/an";6.3;"interactions_constants";"missing-reference"
"constant";"constant";"constants";"biomass-emission-factors_grassland_mature[tCO2e/ha/an]";"none";0;"none";"none";"none";"biomass-emission-factors";"grassland_mature_none_none_none_none";"tCO2e/ha/an";0.734;"interactions_constants";"missing-reference"
"constant";"constant";"constants";"biomass-emission-factors_grassland_young[tCO2e/ha/an]";"none";0;"none";"none";"none";"biomass-emission-factors";"grassland_young_none_none_none_none";"tCO2e/ha/an";1.835;"interactions_constants";"missing-reference"
"constant";"constant";"constants";"biorefinery_bp_biomass_algae[tons/tons]";"none";0;"none";"none";"none";"biorefinery";"bp_biomass_algae_none_none_none";"tons/tons";0.5;"interactions_constants";"missing-reference"
"constant";"constant";"constants";"biorefinery_bp_biomass_insect[tons/tons]";"none";0;"none";"none";"none";"biorefinery";"bp_biomass_insect_none_none_none";"tons/tons";0.3;"interactions_constants";"missing-reference"
"constant";"constant";"constants";"biorefinery_bp_fodder_cereals[tons/tons]";"none";0;"none";"none";"none";"biorefinery";"bp_fodder_cereals_none_none_none";"tons/tons";0.5;"interactions_constants";"missing-reference"
"constant";"constant";"constants";"biorefinery_bp_fodder_oilcrops[tons/tons]";"none";0;"none";"none";"none";"biorefinery";"bp_fodder_oilcrops_none_none_none";"tons/tons";0.5;"interactions_constants";"missing-reference"
"constant";"constant";"constants";"biorefinery_bp_grains_cereals[tons/tons]";"none";0;"none";"none";"none";"biorefinery";"bp_grains_cereals_none_none_none";"tons/tons";1.3;"interactions_constants";"missing-reference"
"constant";"constant";"constants";"biorefinery_bp_grains_oilcrops[tons/tons]";"none";0;"none";"none";"none";"biorefinery";"bp_grains_oilcrops_none_none_none";"tons/tons";1.3;"interactions_constants";"missing-reference"
"constant";"constant";"constants";"biorefinery_bp_manure_insect[tons/tons]";"none";0;"none";"none";"none";"biorefinery";"bp_manure_insect_none_none_none";"tons/tons";0.3;"interactions_constants";"missing-reference"
"constant";"constant";"constants";"biorefinery_bp_oil-meals_oilcrops[tons/tons]";"none";0;"none";"none";"none";"biorefinery";"bp_oil-meals_oilcrops_none_none_none";"tons/tons";0.15;"interactions_constants";"missing-reference"
"constant";"constant";"constants";"biorefinery_bp_oil_algae[tons/tons]";"none";0;"none";"none";"none";"biorefinery";"bp_oil_algae_none_none_none";"tons/tons";0.1;"interactions_constants";"missing-reference"
"constant";"constant";"constants";"biorefinery_bp_oil_insect[tons/tons]";"none";0;"none";"none";"none";"biorefinery";"bp_oil_insect_none_none_none";"tons/tons";0.7;"interactions_constants";"missing-reference"
"constant";"constant";"constants";"biorefinery_yield_btx_bionaphta[tons/TWh]";"none";0;"none";"none";"none";"biorefinery";"yield_btx_bionaphta_none_none_none";"tons/TWh";0.3;"interactions_constants";"missing-reference"
"constant";"constant";"constants";"biorefinery_yield_est_glycerin[tons/TWh]";"none";0;"none";"none";"none";"biorefinery";"yield_est_glycerin_none_none_none";"tons/TWh";0.95;"interactions_constants";"missing-reference"
"constant";"constant";"constants";"biorefinery_yield_ezm_lignin[tons/TWh]";"none";0;"none";"none";"none";"biorefinery";"yield_ezm_lignin_none_none_none";"tons/TWh";0.3;"interactions_constants";"missing-reference"
"constant";"constant";"constants";"biorefinery_yield_hvo_bionaphta[tons/TWh]";"none";0;"none";"none";"none";"biorefinery";"yield_hvo_bionaphta_none_none_none";"tons/TWh";0.05;"interactions_constants";"missing-reference"
"constant";"constant";"constants";"bp_bev_beer_barley-crop[%]";"none";0;"none";"none";"none";"bp";"bev_beer_barley-crop_none_none_none";"%";0.1845;"interactions_constants";"missing-reference"
"constant";"constant";"constants";"bp_bev_beer_cereal-meals[%]";"none";0;"none";"none";"none";"bp";"bev_beer_cereal-meals_none_none_none";"%";0.14973544973544972;"interactions_constants";"missing-reference"
"constant";"constant";"constants";"bp_bev_beer_yees[%]";"none";0;"none";"none";"none";"bp";"bev_beer_yees_none_none_none";"%";0.0253968253968254;"interactions_constants";"missing-reference"
"constant";"constant";"constants";"bp_bev_bev-alc_fruits-crop[%]";"none";0;"none";"none";"none";"bp";"bev_bev-alc_fruits-crop_none_none_none";"%";1.5;"interactions_constants";"missing-reference"
"constant";"constant";"constants";"bp_bev_bev-fer_barley-crop[%]";"none";0;"none";"none";"none";"bp";"bev_bev-fer_barley-crop_none_none_none";"%";0.25;"interactions_constants";"missing-reference"
"constant";"constant";"constants";"bp_bev_wine_grappes-crop[%]";"none";0;"none";"none";"none";"bp";"bev_wine_grappes-crop_none_none_none";"%";1.136;"interactions_constants";"missing-reference"
"constant";"constant";"constants";"bp_bev_wine_lees[%]";"none";0;"none";"none";"none";"bp";"bev_wine_lees_none_none_none";"%";0.03961584633853541;"interactions_constants";"missing-reference"
"constant";"constant";"constants";"bp_bev_wine_marc[%]";"none";0;"none";"none";"none";"bp";"bev_wine_marc_none_none_none";"%";0.11284513805522209;"interactions_constants";"missing-reference"
"constant";"constant";"constants";"carbon-lifetime_biomass[years]";"none";0;"none";"none";"none";"carbon-lifetime";"biomass_none_none_none_none_none";"years";50;"interactions_constants";"missing-reference"
"constant";"constant";"constants";"carbon-lifetime_soil[years]";"none";0;"none";"none";"none";"carbon-lifetime";"soil_none_none_none_none_none";"years";20;"interactions_constants";"missing-reference"
"constant";"constant";"constants";"carbon-stock_cropland_soil[tC/ha]";"none";0;"none";"none";"none";"carbon-stock";"cropland_soil_none_none_none_none";"tC/ha";51.5;"interactions_constants";"missing-reference"
"constant";"constant";"constants";"carbon-stock_forest_biomass[tC/ha]";"none";0;"none";"none";"none";"carbon-stock";"forest_biomass_none_none_none_none";"tC/ha";72.273;"interactions_constants";"missing-reference"
"constant";"constant";"constants";"carbon-stock_forest_soil[tC/ha]";"none";0;"none";"none";"none";"carbon-stock";"forest_soil_none_none_none_none";"tC/ha";99.75;"interactions_constants";"missing-reference"
"constant";"constant";"constants";"carbon-stock_natural-prairies_soil[tC/ha]";"none";0;"none";"none";"none";"carbon-stock";"natural-prairies_soil_none_none_none_none";"tC/ha";81.5;"interactions_constants";"missing-reference"
"constant";"constant";"constants";"carbon-stock_other_soil[tC/ha]";"none";0;"none";"none";"none";"carbon-stock";"other_soil_none_none_none_none";"tC/ha";0;"interactions_constants";"missing-reference"
"constant";"constant";"constants";"carbon-stock_pasture_soil[tC/ha]";"none";0;"none";"none";"none";"carbon-stock";"pasture_soil_none_none_none_none";"tC/ha";81.5;"interactions_constants";"missing-reference"
"constant";"constant";"constants";"carbon-stock_settlement_soil[tC/ha]";"none";0;"none";"none";"none";"carbon-stock";"settlement_soil_none_none_none_none";"tC/ha";0;"interactions_constants";"missing-reference"
"constant";"constant";"constants";"carbon-stock_unmanaged_soil[tC/ha]";"none";0;"none";"none";"none";"carbon-stock";"unmanaged_soil_none_none_none_none";"tC/ha";51.5;"interactions_constants";"missing-reference"
"constant";"constant";"constants";"carbon-stock_wetland_soil[tC/ha]";"none";0;"none";"none";"none";"carbon-stock";"wetland_soil_none_none_none_none";"tC/ha";125;"interactions_constants";"missing-reference"
"constant";"constant";"constants";"cf_fst_bio_wood-fuel[Mm3/TWh]";"none";0;"none";"none";"none";"cf";"fst_bio_wood-fuel_none_none_none";"Mm3/TWh";0.27670171555063644;"interactions_constants";"missing-reference"
"constant";"constant";"constants";"cf_fst_mat_other-wood[kt/Mm3]";"none";0;"none";"none";"none";"cf";"fst_mat_other-wood_none_none_none";"kt/Mm3";0.25;"interactions_constants";"missing-reference"
"constant";"constant";"constants";"cf_fst_mat_pulp[kt/Mm3]";"none";0;"none";"none";"none";"cf";"fst_mat_pulp_none_none_none";"kt/Mm3";0.25;"interactions_constants";"missing-reference"
"constant";"constant";"constants";"cf_fst_mat_sawlogs[kt/Mm3]";"none";0;"none";"none";"none";"cf";"fst_mat_sawlogs_none_none_none";"kt/Mm3";0.00182;"interactions_constants";"missing-reference"
"constant";"constant";"constants";"conv-factors_crop_afats[TWh/tons]";"none";0;"none";"none";"none";"conv-factors";"crop_afats_none_none_none_none";"TWh/tons";0.00001;"interactions_constants";"missing-reference"
"constant";"constant";"constants";"conv-factors_crop_maize[TWh/tons]";"none";0;"none";"none";"none";"conv-factors";"crop_maize_none_none_none_none";"TWh/tons";0.00000235104;"interactions_constants";"missing-reference"
"constant";"constant";"constants";"conv-factors_crop_palm[TWh/tons]";"none";0;"none";"none";"none";"conv-factors";"crop_palm_none_none_none_none";"TWh/tons";0.000010592905555555556;"interactions_constants";"missing-reference"
"constant";"constant";"constants";"conv-factors_crop_rapeseed[TWh/tons]";"none";0;"none";"none";"none";"conv-factors";"crop_rapeseed_none_none_none_none";"TWh/tons";0.00001024407222222222;"interactions_constants";"missing-reference"
"constant";"constant";"constants";"conv-factors_crop_soyabean[TWh/tons]";"none";0;"none";"none";"none";"conv-factors";"crop_soyabean_none_none_none_none";"TWh/tons";0.000010534766666666666;"interactions_constants";"missing-reference"
"constant";"constant";"constants";"conv-factors_crop_sugar-crops[TWh/tons]";"none";0;"none";"none";"none";"conv-factors";"crop_sugar-crops_none_none_none_none";"TWh/tons";0.00000039432;"interactions_constants";"missing-reference"
"constant";"constant";"constants";"conv-factors_crop_sugar_oth[TWh/tons]";"none";0;"none";"none";"none";"conv-factors";"crop_sugar_oth_none_none_none";"TWh/tons";0.000002174712;"interactions_constants";"missing-reference"
"constant";"constant";"constants";"conv-factors_crop_sunflower[TWh/tons]";"none";0;"none";"none";"none";"conv-factors";"crop_sunflower_none_none_none_none";"TWh/tons";0.00001030221111111111;"interactions_constants";"missing-reference"
"constant";"constant";"constants";"conv-factors_crop_uco[TWh/tons]";"none";0;"none";"none";"none";"conv-factors";"crop_uco_none_none_none_none";"TWh/tons";0.000012199999999999998;"interactions_constants";"missing-reference"
"constant";"constant";"constants";"conv-factors_crop_wheat[TWh/tons]";"none";0;"none";"none";"none";"conv-factors";"crop_wheat_none_none_none_none";"TWh/tons";0.000002174712;"interactions_constants";"missing-reference"
"constant";"constant";"constants";"conv-factors_energy_koe/TWh[#/#]";"none";0;"none";"none";"none";"conv-factors";"energy_koe/TWh_none_none_none_none";"#/#";85984500;"interactions_constants";"missing-reference"
"constant";"constant";"constants";"conv-factors_food_afats[kcal/tonnes]";"none";0;"none";"none";"none";"conv-factors";"food_afats_none_none_none_none";"kcal/tonnes";847000000;"interactions_constants";"missing-reference"
"constant";"constant";"constants";"conv-factors_food_algae-meals[kcal/tonnes]";"none";0;"none";"none";"none";"conv-factors";"food_algae-meals_none_none_none_none";"kcal/tonnes";3500000;"interactions_constants";"missing-reference"
"constant";"constant";"constants";"conv-factors_food_barley[kcal/tonnes]";"none";0;"none";"none";"none";"conv-factors";"food_barley_none_none_none_none";"kcal/tonnes";3320000;"interactions_constants";"missing-reference"
"constant";"constant";"constants";"conv-factors_food_beer[kcal/tonnes]";"none";0;"none";"none";"none";"conv-factors";"food_beer_none_none_none_none";"kcal/tonnes";490000;"interactions_constants";"missing-reference"
"constant";"constant";"constants";"conv-factors_food_bev-alc[kcal/tonnes]";"none";0;"none";"none";"none";"conv-factors";"food_bev-alc_none_none_none_none";"kcal/tonnes";2950000;"interactions_constants";"missing-reference"
"constant";"constant";"constants";"conv-factors_food_bev-fer[kcal/tonnes]";"none";0;"none";"none";"none";"conv-factors";"food_bev-fer_none_none_none_none";"kcal/tonnes";470000;"interactions_constants";"missing-reference"
"constant";"constant";"constants";"conv-factors_food_bov[kcal/tonnes]";"none";0;"none";"none";"none";"conv-factors";"food_bov_none_none_none_none";"kcal/tonnes";1050000;"interactions_constants";"missing-reference"
"constant";"constant";"constants";"conv-factors_food_brans[kcal/tonnes]";"none";0;"none";"none";"none";"conv-factors";"food_brans_none_none_none_none";"kcal/tonnes";2130000;"interactions_constants";"missing-reference"
"constant";"constant";"constants";"conv-factors_food_cake[kcal/tonnes]";"none";0;"none";"none";"none";"conv-factors";"food_cake_none_none_none_none";"kcal/tonnes";4630000;"interactions_constants";"missing-reference"
"constant";"constant";"constants";"conv-factors_food_cereals[kcal/tonnes]";"none";0;"none";"none";"none";"conv-factors";"food_cereals_none_none_none_none";"kcal/tonnes";3400000;"interactions_constants";"missing-reference"
"constant";"constant";"constants";"conv-factors_food_coffee[kcal/tonnes]";"none";0;"none";"none";"none";"conv-factors";"food_coffee_none_none_none_none";"kcal/tonnes";560000;"interactions_constants";"missing-reference"
"constant";"constant";"constants";"conv-factors_food_dfish[kcal/tonnes]";"none";0;"none";"none";"none";"conv-factors";"food_dfish_none_none_none_none";"kcal/tonnes";900000;"interactions_constants";"missing-reference"
"constant";"constant";"constants";"conv-factors_food_egg[kcal/tonnes]";"none";0;"none";"none";"none";"conv-factors";"food_egg_none_none_none_none";"kcal/tonnes";1390000;"interactions_constants";"missing-reference"
"constant";"constant";"constants";"conv-factors_food_ffish[kcal/tonnes]";"none";0;"none";"none";"none";"conv-factors";"food_ffish_none_none_none_none";"kcal/tonnes";1150000;"interactions_constants";"missing-reference"
"constant";"constant";"constants";"conv-factors_food_fish-meals[kcal/tonnes]";"none";0;"none";"none";"none";"conv-factors";"food_fish-meals_none_none_none_none";"kcal/tonnes";9920000;"interactions_constants";"missing-reference"
"constant";"constant";"constants";"conv-factors_food_fodder[kcal/tonnes]";"none";0;"none";"none";"none";"conv-factors";"food_fodder_none_none_none_none";"kcal/tonnes";1;"interactions_constants";"missing-reference"
"constant";"constant";"constants";"conv-factors_food_fruits[kcal/tonnes]";"none";0;"none";"none";"none";"conv-factors";"food_fruits_none_none_none_none";"kcal/tonnes";1200000;"interactions_constants";"missing-reference"
"constant";"constant";"constants";"conv-factors_food_grains[kcal/tonnes]";"none";0;"none";"none";"none";"conv-factors";"food_grains_none_none_none_none";"kcal/tonnes";1;"interactions_constants";"missing-reference"
"constant";"constant";"constants";"conv-factors_food_grapes[kcal/tonnes]";"none";0;"none";"none";"none";"conv-factors";"food_grapes_none_none_none_none";"kcal/tonnes";53000;"interactions_constants";"missing-reference"
"constant";"constant";"constants";"conv-factors_food_insect-meals[kcal/tonnes]";"none";0;"none";"none";"none";"conv-factors";"food_insect-meals_none_none_none_none";"kcal/tonnes";6730000;"interactions_constants";"missing-reference"
"constant";"constant";"constants";"conv-factors_food_maize[kcal/tonnes]";"none";0;"none";"none";"none";"conv-factors";"food_maize_none_none_none_none";"kcal/tonnes";3560000;"interactions_constants";"missing-reference"
"constant";"constant";"constants";"conv-factors_food_milk[kcal/tonnes]";"none";0;"none";"none";"none";"conv-factors";"food_milk_none_none_none_none";"kcal/tonnes";610000;"interactions_constants";"missing-reference"
"constant";"constant";"constants";"conv-factors_food_molasses[kcal/tonnes]";"none";0;"none";"none";"none";"conv-factors";"food_molasses_none_none_none_none";"kcal/tonnes";2320000;"interactions_constants";"missing-reference"
"constant";"constant";"constants";"conv-factors_food_oats[kcal/tonnes]";"none";0;"none";"none";"none";"conv-factors";"food_oats_none_none_none_none";"kcal/tonnes";3850000;"interactions_constants";"missing-reference"
"constant";"constant";"constants";"conv-factors_food_offal[kcal/tonnes]";"none";0;"none";"none";"none";"conv-factors";"food_offal_none_none_none_none";"kcal/tonnes";1050000;"interactions_constants";"missing-reference"
"constant";"constant";"constants";"conv-factors_food_oil-meals[kcal/tonnes]";"none";0;"none";"none";"none";"conv-factors";"food_oil-meals_none_none_none_none";"kcal/tonnes";1;"interactions_constants";"missing-reference"
"constant";"constant";"constants";"conv-factors_food_oilcrops[kcal/tonnes]";"none";0;"none";"none";"none";"conv-factors";"food_oilcrops_none_none_none_none";"kcal/tonnes";3870000;"interactions_constants";"missing-reference"
"constant";"constant";"constants";"conv-factors_food_oth-animals[kcal/tonnes]";"none";0;"none";"none";"none";"conv-factors";"food_oth-animals_none_none_none_none";"kcal/tonnes";1260000;"interactions_constants";"missing-reference"
"constant";"constant";"constants";"conv-factors_food_oth-aq-animals[kcal/tonnes]";"none";0;"none";"none";"none";"conv-factors";"food_oth-aq-animals_none_none_none_none";"kcal/tonnes";710000;"interactions_constants";"missing-reference"
"constant";"constant";"constants";"conv-factors_food_pfish[kcal/tonnes]";"none";0;"none";"none";"none";"conv-factors";"food_pfish_none_none_none_none";"kcal/tonnes";1410000;"interactions_constants";"missing-reference"
"constant";"constant";"constants";"conv-factors_food_pigs[kcal/tonnes]";"none";0;"none";"none";"none";"conv-factors";"food_pigs_none_none_none_none";"kcal/tonnes";2200000;"interactions_constants";"missing-reference"
"constant";"constant";"constants";"conv-factors_food_poultry[kcal/tonnes]";"none";0;"none";"none";"none";"conv-factors";"food_poultry_none_none_none_none";"kcal/tonnes";1220000;"interactions_constants";"missing-reference"
"constant";"constant";"constants";"conv-factors_food_pulses[kcal/tonnes]";"none";0;"none";"none";"none";"conv-factors";"food_pulses_none_none_none_none";"kcal/tonnes";3400000;"interactions_constants";"missing-reference"
"constant";"constant";"constants";"conv-factors_food_rye[kcal/tonnes]";"none";0;"none";"none";"none";"conv-factors";"food_rye_none_none_none_none";"kcal/tonnes";3190000;"interactions_constants";"missing-reference"
"constant";"constant";"constants";"conv-factors_food_seafood[kcal/tonnes]";"none";0;"none";"none";"none";"conv-factors";"food_seafood_none_none_none_none";"kcal/tonnes";910000;"interactions_constants";"missing-reference"
"constant";"constant";"constants";"conv-factors_food_sheep[kcal/tonnes]";"none";0;"none";"none";"none";"conv-factors";"food_sheep_none_none_none_none";"kcal/tonnes";2630000;"interactions_constants";"missing-reference"
"constant";"constant";"constants";"conv-factors_food_starch[kcal/tonnes]";"none";0;"none";"none";"none";"conv-factors";"food_starch_none_none_none_none";"kcal/tonnes";910000;"interactions_constants";"missing-reference"
"constant";"constant";"constants";"conv-factors_food_stm[kcal/tonnes]";"none";0;"none";"none";"none";"conv-factors";"food_stm_none_none_none_none";"kcal/tonnes";400000;"interactions_constants";"missing-reference"
"constant";"constant";"constants";"conv-factors_food_sugar[kcal/tonnes]";"none";0;"none";"none";"none";"conv-factors";"food_sugar_none_none_none_none";"kcal/tonnes";3870000;"interactions_constants";"missing-reference"
"constant";"constant";"constants";"conv-factors_food_sugarcrops[kcal/tonnes]";"none";0;"none";"none";"none";"conv-factors";"food_sugarcrops_none_none_none_none";"kcal/tonnes";700000;"interactions_constants";"missing-reference"
"constant";"constant";"constants";"conv-factors_food_sweet[kcal/tonnes]";"none";0;"none";"none";"none";"conv-factors";"food_sweet_none_none_none_none";"kcal/tonnes";3100000;"interactions_constants";"missing-reference"
"constant";"constant";"constants";"conv-factors_food_tea[kcal/tonnes]";"none";0;"none";"none";"none";"conv-factors";"food_tea_none_none_none_none";"kcal/tonnes";400000;"interactions_constants";"missing-reference"
"constant";"constant";"constants";"conv-factors_food_veg[kcal/tonnes]";"none";0;"none";"none";"none";"conv-factors";"food_veg_none_none_none_none";"kcal/tonnes";220000;"interactions_constants";"missing-reference"
"constant";"constant";"constants";"conv-factors_food_voil[kcal/tonnes]";"none";0;"none";"none";"none";"conv-factors";"food_voil_none_none_none_none";"kcal/tonnes";8840000;"interactions_constants";"missing-reference"
"constant";"constant";"constants";"conv-factors_food_wheat[kcal/tonnes]";"none";0;"none";"none";"none";"conv-factors";"food_wheat_none_none_none_none";"kcal/tonnes";3340000;"interactions_constants";"missing-reference"
"constant";"constant";"constants";"conv-factors_food_wine[kcal/tonnes]";"none";0;"none";"none";"none";"conv-factors";"food_wine_none_none_none_none";"kcal/tonnes";680000;"interactions_constants";"missing-reference"
"constant";"constant";"constants";"conv-factors_lsu_bov[lsu/#]";"none";0;"none";"none";"none";"conv-factors";"lsu_bov_none_none_none_none";"lsu/#";0.7;"interactions_constants";"missing-reference"
"constant";"constant";"constants";"conv-factors_lsu_oth-animals[lsu/#]";"none";0;"none";"none";"none";"conv-factors";"lsu_oth-animals_none_none_none_none";"lsu/#";0;"interactions_constants";"missing-reference"
"constant";"constant";"constants";"conv-factors_lsu_pigs[lsu/#]";"none";0;"none";"none";"none";"conv-factors";"lsu_pigs_none_none_none_none";"lsu/#";0.3;"interactions_constants";"missing-reference"
"constant";"constant";"constants";"conv-factors_lsu_poultry[lsu/#]";"none";0;"none";"none";"none";"conv-factors";"lsu_poultry_none_none_none_none";"lsu/#";0.007;"interactions_constants";"missing-reference"
"constant";"constant";"constants";"conv-factors_lsu_sheep[lsu/#]";"none";0;"none";"none";"none";"conv-factors";"lsu_sheep_none_none_none_none";"lsu/#";0.1;"interactions_constants";"missing-reference"
"constant";"constant";"constants";"conversion_CtoCO2[tCO2/tC]";"none";0;"none";"none";"none";"conversion";"CtoCO2_none_none_none_none_none";"tCO2/tC";3.6666666666666665;"interactions_constants";"missing-reference"
"constant";"constant";"constants";"ecf_energycrop[kcal/t]";"none";0;"none";"none";"none";"ecf";"energycrop_none_none_none_none_none";"kcal/t";4299300;"interactions_constants";"missing-reference"
"constant";"constant";"constants";"ef_fertilizer_N2O-emission[Mt/t]";"none";0;"none";"none";"none";"ef";"fertilizer_N2O-emission_none_none_none_none";"Mt/t";0.0000000133;"interactions_constants";"missing-reference"
"constant";"constant";"constants";"ef_liming[tCO2/t]";"none";0;"none";"none";"none";"ef";"liming_none_none_none_none_none";"tCO2/t";0.44039999999999996;"interactions_constants";"missing-reference"
"constant";"constant";"constants";"ef_lulucf_cropland_agroforestry[tC/ha]";"none";0;"none";"none";"none";"ef";"lulucf_cropland_agroforestry_none_none_none";"tC/ha";3.1100000000000003;"interactions_constants";"missing-reference"
"constant";"constant";"constants";"ef_lulucf_cropland_rem_cropland[tC/ha]";"none";0;"none";"none";"none";"ef";"lulucf_cropland_rem_cropland_none_none";"tC/ha";0;"interactions_constants";"missing-reference"
"constant";"constant";"constants";"ef_lulucf_cropland_to_forest[tC/ha]";"none";0;"none";"none";"none";"ef";"lulucf_cropland_to_forest_none_none";"tC/ha";-2.4125;"interactions_constants";"missing-reference"
"constant";"constant";"constants";"ef_lulucf_cropland_to_grassland[tC/ha]";"none";0;"none";"none";"none";"ef";"lulucf_cropland_to_grassland_none_none";"tC/ha";-1.5;"interactions_constants";"missing-reference"
"constant";"constant";"constants";"ef_lulucf_cropland_to_other[tC/ha]";"none";0;"none";"none";"none";"ef";"lulucf_cropland_to_other_none_none";"tC/ha";2.575;"interactions_constants";"missing-reference"
"constant";"constant";"constants";"ef_lulucf_cropland_to_settlement[tC/ha]";"none";0;"none";"none";"none";"ef";"lulucf_cropland_to_settlement_none_none";"tC/ha";2.575;"interactions_constants";"missing-reference"
"constant";"constant";"constants";"ef_lulucf_cropland_to_wetland[tC/ha]";"none";0;"none";"none";"none";"ef";"lulucf_cropland_to_wetland_none_none";"tC/ha";-4.725;"interactions_constants";"missing-reference"
"constant";"constant";"constants";"ef_lulucf_forest_rem_forest[tC/ha]";"none";0;"none";"none";"none";"ef";"lulucf_forest_rem_forest_none_none";"tC/ha";0;"interactions_constants";"missing-reference"
"constant";"constant";"constants";"ef_lulucf_forest_to_cropland[tC/ha]";"none";0;"none";"none";"none";"ef";"lulucf_forest_to_cropland_none_none";"tC/ha";2.4125;"interactions_constants";"missing-reference"
"constant";"constant";"constants";"ef_lulucf_forest_to_grassland[tC/ha]";"none";0;"none";"none";"none";"ef";"lulucf_forest_to_grassland_none_none";"tC/ha";0.9125;"interactions_constants";"missing-reference"
"constant";"constant";"constants";"ef_lulucf_forest_to_other[tC/ha]";"none";0;"none";"none";"none";"ef";"lulucf_forest_to_other_none_none";"tC/ha";4.9875;"interactions_constants";"missing-reference"
"constant";"constant";"constants";"ef_lulucf_forest_to_settlement[tC/ha]";"none";0;"none";"none";"none";"ef";"lulucf_forest_to_settlement_none_none";"tC/ha";4.9875;"interactions_constants";"missing-reference"
"constant";"constant";"constants";"ef_lulucf_forest_to_wetland[tC/ha]";"none";0;"none";"none";"none";"ef";"lulucf_forest_to_wetland_none_none";"tC/ha";-2.3125;"interactions_constants";"missing-reference"
"constant";"constant";"constants";"ef_lulucf_grassland_agroforestry[tC/ha]";"none";0;"none";"none";"none";"ef";"lulucf_grassland_agroforestry_none_none_none";"tC/ha";2.85;"interactions_constants";"missing-reference"
"constant";"constant";"constants";"ef_lulucf_grassland_rem_grassland[tC/ha]";"none";0;"none";"none";"none";"ef";"lulucf_grassland_rem_grassland_none_none";"tC/ha";0;"interactions_constants";"missing-reference"
"constant";"constant";"constants";"ef_lulucf_grassland_to_cropland[tC/ha]";"none";0;"none";"none";"none";"ef";"lulucf_grassland_to_cropland_none_none";"tC/ha";1.5;"interactions_constants";"missing-reference"
"constant";"constant";"constants";"ef_lulucf_grassland_to_forest[tC/ha]";"none";0;"none";"none";"none";"ef";"lulucf_grassland_to_forest_none_none";"tC/ha";-0.9125;"interactions_constants";"missing-reference"
"constant";"constant";"constants";"ef_lulucf_grassland_to_other[tC/ha]";"none";0;"none";"none";"none";"ef";"lulucf_grassland_to_other_none_none";"tC/ha";4.075;"interactions_constants";"missing-reference"
"constant";"constant";"constants";"ef_lulucf_grassland_to_settlement[tC/ha]";"none";0;"none";"none";"none";"ef";"lulucf_grassland_to_settlement_none_none";"tC/ha";4.075;"interactions_constants";"missing-reference"
"constant";"constant";"constants";"ef_lulucf_grassland_to_wetland[tC/ha]";"none";0;"none";"none";"none";"ef";"lulucf_grassland_to_wetland_none_none";"tC/ha";-3.225;"interactions_constants";"missing-reference"
"constant";"constant";"constants";"ef_lulucf_other_rem_other[tC/ha]";"none";0;"none";"none";"none";"ef";"lulucf_other_rem_other_none_none";"tC/ha";0;"interactions_constants";"missing-reference"
"constant";"constant";"constants";"ef_lulucf_other_to_cropland[tC/ha]";"none";0;"none";"none";"none";"ef";"lulucf_other_to_cropland_none_none";"tC/ha";-2.575;"interactions_constants";"missing-reference"
"constant";"constant";"constants";"ef_lulucf_other_to_forest[tC/ha]";"none";0;"none";"none";"none";"ef";"lulucf_other_to_forest_none_none";"tC/ha";-4.9875;"interactions_constants";"missing-reference"
"constant";"constant";"constants";"ef_lulucf_other_to_grassland[tC/ha]";"none";0;"none";"none";"none";"ef";"lulucf_other_to_grassland_none_none";"tC/ha";-4.075;"interactions_constants";"missing-reference"
"constant";"constant";"constants";"ef_lulucf_other_to_settlement[tC/ha]";"none";0;"none";"none";"none";"ef";"lulucf_other_to_settlement_none_none";"tC/ha";0;"interactions_constants";"missing-reference"
"constant";"constant";"constants";"ef_lulucf_other_to_wetland[tC/ha]";"none";0;"none";"none";"none";"ef";"lulucf_other_to_wetland_none_none";"tC/ha";-7.3;"interactions_constants";"missing-reference"
"constant";"constant";"constants";"ef_lulucf_settlement_rem_settlement[tC/ha]";"none";0;"none";"none";"none";"ef";"lulucf_settlement_rem_settlement_none_none";"tC/ha";0;"interactions_constants";"missing-reference"
"constant";"constant";"constants";"ef_lulucf_settlement_to_cropland[tC/ha]";"none";0;"none";"none";"none";"ef";"lulucf_settlement_to_cropland_none_none";"tC/ha";-2.575;"interactions_constants";"missing-reference"
"constant";"constant";"constants";"ef_lulucf_settlement_to_forest[tC/ha]";"none";0;"none";"none";"none";"ef";"lulucf_settlement_to_forest_none_none";"tC/ha";-4.9875;"interactions_constants";"missing-reference"
"constant";"constant";"constants";"ef_lulucf_settlement_to_grassland[tC/ha]";"none";0;"none";"none";"none";"ef";"lulucf_settlement_to_grassland_none_none";"tC/ha";-4.075;"interactions_constants";"missing-reference"
"constant";"constant";"constants";"ef_lulucf_settlement_to_other[tC/ha]";"none";0;"none";"none";"none";"ef";"lulucf_settlement_to_other_none_none";"tC/ha";0;"interactions_constants";"missing-reference"
"constant";"constant";"constants";"ef_lulucf_settlement_to_wetland[tC/ha]";"none";0;"none";"none";"none";"ef";"lulucf_settlement_to_wetland_none_none";"tC/ha";-7.3;"interactions_constants";"missing-reference"
"constant";"constant";"constants";"ef_lulucf_wetland_rem_wetland[tC/ha]";"none";0;"none";"none";"none";"ef";"lulucf_wetland_rem_wetland_none_none";"tC/ha";0;"interactions_constants";"missing-reference"
"constant";"constant";"constants";"ef_lulucf_wetland_to_cropland[tC/ha]";"none";0;"none";"none";"none";"ef";"lulucf_wetland_to_cropland_none_none";"tC/ha";4.725;"interactions_constants";"missing-reference"
"constant";"constant";"constants";"ef_lulucf_wetland_to_forest[tC/ha]";"none";0;"none";"none";"none";"ef";"lulucf_wetland_to_forest_none_none";"tC/ha";2.3125;"interactions_constants";"missing-reference"
"constant";"constant";"constants";"ef_lulucf_wetland_to_grassland[tC/ha]";"none";0;"none";"none";"none";"ef";"lulucf_wetland_to_grassland_none_none";"tC/ha";3.225;"interactions_constants";"missing-reference"
"constant";"constant";"constants";"ef_lulucf_wetland_to_other[tC/ha]";"none";0;"none";"none";"none";"ef";"lulucf_wetland_to_other_none_none";"tC/ha";7.3;"interactions_constants";"missing-reference"
"constant";"constant";"constants";"ef_lulucf_wetland_to_settlement[tC/ha]";"none";0;"none";"none";"none";"ef";"lulucf_wetland_to_settlement_none_none";"tC/ha";7.3;"interactions_constants";"missing-reference"
"constant";"constant";"constants";"ef_urea[tCO2/t]";"none";0;"none";"none";"none";"ef";"urea_none_none_none_none_none";"tCO2/t";0.734;"interactions_constants";"missing-reference"
"constant";"constant";"constants";"efficiency_liv_abp_dairy-milk[%]";"none";0;"none";"none";"none";"efficiency";"liv_abp_dairy-milk_none_none_none";"%";0.24;"interactions_constants";"missing-reference"
"constant";"constant";"constants";"efficiency_liv_abp_hens-egg[%]";"none";0;"none";"none";"none";"efficiency";"liv_abp_hens-egg_none_none_none";"%";0.25;"interactions_constants";"missing-reference"
"constant";"constant";"constants";"efficiency_liv_meat_bovine[%]";"none";0;"none";"none";"none";"efficiency";"liv_meat_bovine_none_none_none";"%";0.038;"interactions_constants";"missing-reference"
"constant";"constant";"constants";"efficiency_liv_meat_oth-animals[%]";"none";0;"none";"none";"none";"efficiency";"liv_meat_oth-animals_none_none_none";"%";0.044;"interactions_constants";"missing-reference"
"constant";"constant";"constants";"efficiency_liv_meat_pig[%]";"none";0;"none";"none";"none";"efficiency";"liv_meat_pig_none_none_none";"%";0.085;"interactions_constants";"missing-reference"
"constant";"constant";"constants";"efficiency_liv_meat_poultry[%]";"none";0;"none";"none";"none";"efficiency";"liv_meat_poultry_none_none_none";"%";0.196;"interactions_constants";"missing-reference"
"constant";"constant";"constants";"efficiency_liv_meat_sheep[%]";"none";0;"none";"none";"none";"efficiency";"liv_meat_sheep_none_none_none";"%";0.063;"interactions_constants";"missing-reference"
"constant";"constant";"constants";"forest_growth[%]";"none";0;"none";"none";"none";"forest";"growth_none_none_none_none_none";"%";0.0234;"interactions_constants";"missing-reference"
"constant";"constant";"constants";"fst_ef_emissions-CH4_burnt[t/m3]";"none";0;"none";"none";"none";"fst";"ef_emissions-CH4_burnt_none_none_none";"t/m3";0;"interactions_constants";"missing-reference"
"constant";"constant";"constants";"fst_ef_emissions-CH4_fire[t/m3]";"none";0;"none";"none";"none";"fst";"ef_emissions-CH4_fire_none_none_none";"t/m3";0;"interactions_constants";"missing-reference"
"constant";"constant";"constants";"fst_ef_emissions-CO2_burnt[t/m3]";"none";0;"none";"none";"none";"fst";"ef_emissions-CO2_burnt_none_none_none";"t/m3";1.5;"interactions_constants";"missing-reference"
"constant";"constant";"constants";"fst_ef_emissions-CO2_fire[t/m3]";"none";0;"none";"none";"none";"fst";"ef_emissions-CO2_fire_none_none_none";"t/m3";1.5;"interactions_constants";"missing-reference"
"constant";"constant";"constants";"fst_ef_emissions-N2O_burnt[t/m3]";"none";0;"none";"none";"none";"fst";"ef_emissions-N2O_burnt_none_none_none";"t/m3";0;"interactions_constants";"missing-reference"
"constant";"constant";"constants";"fst_ef_emissions-N2O_fire[t/m3]";"none";0;"none";"none";"none";"fst";"ef_emissions-N2O_fire_none_none_none";"t/m3";0;"interactions_constants";"missing-reference"
"constant";"constant";"constants";"gas_tec_gas_energycrop[kcal/TWh]";"none";0;"none";"none";"none";"gas";"tec_gas_energycrop_none_none_none";"kcal/TWh";924333619948.4093;"interactions_constants";"missing-reference"
"constant";"constant";"constants";"ibp_aps_algae_brf_crop_algae[%]";"none";0;"none";"none";"none";"ibp";"aps_algae_brf_crop_algae_none";"%";1.5;"interactions_constants";"missing-reference"
"constant";"constant";"constants";"ibp_aps_algae_brf_fdk_voil[%]";"none";0;"none";"none";"none";"ibp";"aps_algae_brf_fdk_voil_none";"%";0.3333333333333333;"interactions_constants";"missing-reference"
"constant";"constant";"constants";"ibp_aps_insect_brf_crop_insect[%]";"none";0;"none";"none";"none";"ibp";"aps_insect_brf_crop_insect_none";"%";2.65;"interactions_constants";"missing-reference"
"constant";"constant";"constants";"ibp_aps_insect_brf_fdk_manure[%]";"none";0;"none";"none";"none";"ibp";"aps_insect_brf_fdk_manure_none";"%";1;"interactions_constants";"missing-reference"
"constant";"constant";"constants";"ibp_aps_insect_brf_fdk_voil[%]";"none";0;"none";"none";"none";"ibp";"aps_insect_brf_fdk_voil_none";"%";0.3333333333333333;"interactions_constants";"missing-reference"
"constant";"constant";"constants";"ibp_bev_beer_brf_crop_cereal[%]";"none";0;"none";"none";"none";"ibp";"bev_beer_brf_crop_cereal_none";"%";0.945;"interactions_constants";"missing-reference"
"constant";"constant";"constants";"ibp_bev_beer_brf_fdk_cereal[%]";"none";0;"none";"none";"none";"ibp";"bev_beer_brf_fdk_cereal_none";"%";0.966;"interactions_constants";"missing-reference"
"constant";"constant";"constants";"ibp_bev_beer_brf_fdk_yeast[%]";"none";0;"none";"none";"none";"ibp";"bev_beer_brf_fdk_yeast_none";"%";0.217;"interactions_constants";"missing-reference"
"constant";"constant";"constants";"ibp_bev_bev-alc_brf_crop_fruit[%]";"none";0;"none";"none";"none";"ibp";"bev_bev-alc_brf_crop_fruit_none";"%";2.88;"interactions_constants";"missing-reference"
"constant";"constant";"constants";"ibp_bev_bev-fer_brf_crop_cereal[%]";"none";0;"none";"none";"none";"ibp";"bev_bev-fer_brf_crop_cereal_none";"%";2.9;"interactions_constants";"missing-reference"
"constant";"constant";"constants";"ibp_bev_wine_brf_crop_grape[%]";"none";0;"none";"none";"none";"ibp";"bev_wine_brf_crop_grape_none";"%";1.136;"interactions_constants";"missing-reference"
"constant";"constant";"constants";"ibp_bev_wine_brf_fdk_lees[%]";"none";0;"none";"none";"none";"ibp";"bev_wine_brf_fdk_lees_none";"%";0.206;"interactions_constants";"missing-reference"
"constant";"constant";"constants";"ibp_bev_wine_brf_fdk_marc[%]";"none";0;"none";"none";"none";"ibp";"bev_wine_brf_fdk_marc_none";"%";1.37;"interactions_constants";"missing-reference"
"constant";"constant";"constants";"ibp_bio_biodiesel_btx_brf_fdk_bionaphta[TWh/TWh]";"none";0;"none";"none";"none";"ibp";"bio_biodiesel_btx_brf_fdk_bionaphta";"TWh/TWh";3.3333333333333335;"interactions_constants";"missing-reference"
"constant";"constant";"constants";"ibp_bio_biodiesel_est_brf_crop_oil.1[TWh/TWh]";"none";0;"none";"none";"none";"ibp";"bio_biodiesel_est_brf_crop_oil.1";"TWh/TWh";0.95;"interactions_constants";"missing-reference"
"constant";"constant";"constants";"ibp_bio_biodiesel_est_brf_crop_oil[TWh/TWh]";"none";0;"none";"none";"none";"ibp";"bio_biodiesel_est_brf_crop_oil";"TWh/TWh";1;"interactions_constants";"missing-reference"
"constant";"constant";"constants";"ibp_bio_biodiesel_est_brf_fdk_glycerin[TWh/TWh]";"none";0;"none";"none";"none";"ibp";"bio_biodiesel_est_brf_fdk_glycerin";"TWh/TWh";10;"interactions_constants";"missing-reference"
"constant";"constant";"constants";"ibp_bio_biodiesel_hvo_brf_cake[TWh/TWh]";"none";0;"none";"none";"none";"ibp";"bio_biodiesel_hvo_brf_cake_none";"TWh/TWh";1;"interactions_constants";"missing-reference"
"constant";"constant";"constants";"ibp_bio_biodiesel_hvo_brf_crop_oil[TWh/TWh]";"none";0;"none";"none";"none";"ibp";"bio_biodiesel_hvo_brf_crop_oil";"TWh/TWh";0.8;"interactions_constants";"missing-reference"
"constant";"constant";"constants";"ibp_bio_biodiesel_hvo_brf_fdk_bionaphta[TWh/TWh]";"none";0;"none";"none";"none";"ibp";"bio_biodiesel_hvo_brf_fdk_bionaphta";"TWh/TWh";20;"interactions_constants";"missing-reference"
"constant";"constant";"constants";"ibp_bio_biodiesel_hvo_brf_fdk_propane[TWh/TWh]";"none";0;"none";"none";"none";"ibp";"bio_biodiesel_hvo_brf_fdk_propane";"TWh/TWh";20;"interactions_constants";"missing-reference"
"constant";"constant";"constants";"ibp_bio_biodisel_btx_brf_crop_lgn[TWh/TWh]";"none";0;"none";"none";"none";"ibp";"bio_biodisel_btx_brf_crop_lgn";"TWh/TWh";0.4;"interactions_constants";"missing-reference"
"constant";"constant";"constants";"ibp_bio_conv_eth_cereal_brf_ddgs[kcal/kcal]";"none";0;"none";"none";"none";"ibp";"bio_conv_eth_cereal_brf_ddgs";"kcal/kcal";1.4392324093816629;"interactions_constants";"missing-reference"
"constant";"constant";"constants";"ibp_bio_conv_eth_sugarcrop_brf_pulp[kcal/kcal]";"none";0;"none";"none";"none";"ibp";"bio_conv_eth_sugarcrop_brf_pulp";"kcal/kcal";1.3544776119402986;"interactions_constants";"missing-reference"
"constant";"constant";"constants";"ibp_bio_conv_voil_oilcrop_brf_cakes[kcal/kcal]";"none";0;"none";"none";"none";"ibp";"bio_conv_voil_oilcrop_brf_cakes";"kcal/kcal";0.612865;"interactions_constants";"missing-reference"
"constant";"constant";"constants";"ibp_bio_ethanol_ezm_brf_crop_lgn[TWh/TWh]";"none";0;"none";"none";"none";"ibp";"bio_ethanol_ezm_brf_crop_lgn";"TWh/TWh";0.3;"interactions_constants";"missing-reference"
"constant";"constant";"constants";"ibp_bio_ethanol_ezm_brf_fdk_lignin[TWh/TWh]";"none";0;"none";"none";"none";"ibp";"bio_ethanol_ezm_brf_fdk_lignin";"TWh/TWh";10;"interactions_constants";"missing-reference"
"constant";"constant";"constants";"ibp_bio_ethanol_fer_brf_cake_sgr[TWh/TWh]";"none";0;"none";"none";"none";"ibp";"bio_ethanol_fer_brf_cake_sgr";"TWh/TWh";1;"interactions_constants";"missing-reference"
"constant";"constant";"constants";"ibp_bio_ethanol_fer_brf_crop_sgr[TWh/TWh]";"none";0;"none";"none";"none";"ibp";"bio_ethanol_fer_brf_crop_sgr";"TWh/TWh";1;"interactions_constants";"missing-reference"
"constant";"constant";"constants";"ibp_feed_cake_to_oilcrop[%]";"none";0;"none";"none";"none";"ibp";"feed_cake_to_oilcrop_none_none";"%";2.5;"interactions_constants";"missing-reference"
"constant";"constant";"constants";"ibp_feed_molasse_to_sugarcrop[%]";"none";0;"none";"none";"none";"ibp";"feed_molasse_to_sugarcrop_none_none";"%";0.225;"interactions_constants";"missing-reference"
"constant";"constant";"constants";"ibp_feed_sugar_to_sugarcrop[%]";"none";0;"none";"none";"none";"ibp";"feed_sugar_to_sugarcrop_none_none";"%";0.225;"interactions_constants";"missing-reference"
"constant";"constant";"constants";"ibp_feed_voil_to_oilcrop[%]";"none";0;"none";"none";"none";"ibp";"feed_voil_to_oilcrop_none_none";"%";1.65;"interactions_constants";"missing-reference"
"constant";"constant";"constants";"ibp_liv_bovine_brf_fdk_afat[kcal/lsu]";"none";0;"none";"none";"none";"ibp";"liv_bovine_brf_fdk_afat_none";"kcal/lsu";1129333.3333333333;"interactions_constants";"missing-reference"
"constant";"constant";"constants";"ibp_liv_bovine_brf_fdk_offal[kcal/lsu]";"none";0;"none";"none";"none";"ibp";"liv_bovine_brf_fdk_offal_none";"kcal/lsu";280000;"interactions_constants";"missing-reference"
"constant";"constant";"constants";"ibp_liv_oth-animals_brf_fdk_afat[kcal/lsu]";"none";0;"none";"none";"none";"ibp";"liv_oth-animals_brf_fdk_afat_none";"kcal/lsu";0;"interactions_constants";"missing-reference"
"constant";"constant";"constants";"ibp_liv_oth-animals_brf_fdk_offal[kcal/lsu]";"none";0;"none";"none";"none";"ibp";"liv_oth-animals_brf_fdk_offal_none";"kcal/lsu";0;"interactions_constants";"missing-reference"
"constant";"constant";"constants";"ibp_liv_pig_brf_fdk_afat[kcal/lsu]";"none";0;"none";"none";"none";"ibp";"liv_pig_brf_fdk_afat_none";"kcal/lsu";332705.7333333334;"interactions_constants";"missing-reference"
"constant";"constant";"constants";"ibp_liv_pig_brf_fdk_offal[kcal/lsu]";"none";0;"none";"none";"none";"ibp";"liv_pig_brf_fdk_offal_none";"kcal/lsu";46825.316666666666;"interactions_constants";"missing-reference"
"constant";"constant";"constants";"ibp_liv_poultry_brf_fdk_afat[kcal/lsu]";"none";0;"none";"none";"none";"ibp";"liv_poultry_brf_fdk_afat_none";"kcal/lsu";198434.52380952382;"interactions_constants";"missing-reference"
"constant";"constant";"constants";"ibp_liv_poultry_brf_fdk_offal[kcal/lsu]";"none";0;"none";"none";"none";"ibp";"liv_poultry_brf_fdk_offal_none";"kcal/lsu";55059.52380952381;"interactions_constants";"missing-reference"
"constant";"constant";"constants";"ibp_liv_sheep_brf_fdk_afat[kcal/lsu]";"none";0;"none";"none";"none";"ibp";"liv_sheep_brf_fdk_afat_none";"kcal/lsu";389664.00000000006;"interactions_constants";"missing-reference"
"constant";"constant";"constants";"ibp_liv_sheep_brf_fdk_offal[kcal/lsu]";"none";0;"none";"none";"none";"ibp";"liv_sheep_brf_fdk_offal_none";"kcal/lsu";117936;"interactions_constants";"missing-reference"
"constant";"constant";"constants";"ibp_pro_cake_feed_crop_oilcrop[%]";"none";0;"none";"none";"none";"ibp";"pro_cake_feed_crop_oilcrop_none";"%";2.5;"interactions_constants";"missing-reference"
"constant";"constant";"constants";"ibp_pro_fish-meals_feed_fish_ffish[%]";"none";0;"none";"none";"none";"ibp";"pro_fish-meals_feed_fish_ffish_none";"%";0.5;"interactions_constants";"missing-reference"
"constant";"constant";"constants";"ibp_pro_molasse_feed_crop_sugarcrop[%]";"none";0;"none";"none";"none";"ibp";"pro_molasse_feed_crop_sugarcrop_none";"%";0.8;"interactions_constants";"missing-reference"
"constant";"constant";"constants";"ibp_pro_sugar_feed_crop_sugarcrop[%]";"none";0;"none";"none";"none";"ibp";"pro_sugar_feed_crop_sugarcrop_none";"%";0.225;"interactions_constants";"missing-reference"
"constant";"constant";"constants";"ibp_pro_sugar_food_crop_sugarcrop[%]";"none";0;"none";"none";"none";"ibp";"pro_sugar_food_crop_sugarcrop_none";"%";0.225;"interactions_constants";"missing-reference"
"constant";"constant";"constants";"ibp_pro_sweet_feed_crop_sugarcrop[%]";"none";0;"none";"none";"none";"ibp";"pro_sweet_feed_crop_sugarcrop_none";"%";0.196;"interactions_constants";"missing-reference"
"constant";"constant";"constants";"ibp_pro_sweet_food_crop_sugarcrop[%]";"none";0;"none";"none";"none";"ibp";"pro_sweet_food_crop_sugarcrop_none";"%";0.196;"interactions_constants";"missing-reference"
"constant";"constant";"constants";"ibp_pro_voil_feed_crop_oilcrop[%]";"none";0;"none";"none";"none";"ibp";"pro_voil_feed_crop_oilcrop_none";"%";1.65;"interactions_constants";"missing-reference"
"constant";"constant";"constants";"ibp_pro_voil_food_crop_oilcrop[%]";"none";0;"none";"none";"none";"ibp";"pro_voil_food_crop_oilcrop_none";"%";1.65;"interactions_constants";"missing-reference"
"constant";"constant";"constants";"ibp_processed_cake_to_oilcrop[%]";"none";0;"none";"none";"none";"ibp";"processed_cake_to_oilcrop_none_none";"%";2.5;"interactions_constants";"missing-reference"
"constant";"constant";"constants";"ibp_processed_molasse_to_sugarcrop[%]";"none";0;"none";"none";"none";"ibp";"processed_molasse_to_sugarcrop_none_none";"%";0.225;"interactions_constants";"missing-reference"
"constant";"constant";"constants";"ibp_processed_sugar_to_sugarcrop[%]";"none";0;"none";"none";"none";"ibp";"processed_sugar_to_sugarcrop_none_none";"%";0.225;"interactions_constants";"missing-reference"
"constant";"constant";"constants";"ibp_processed_sweet_to_sugarcrop[%]";"none";0;"none";"none";"none";"ibp";"processed_sweet_to_sugarcrop_none_none";"%";0.225;"interactions_constants";"missing-reference"
"constant";"constant";"constants";"ibp_processed_voil_to_oilcrop[%]";"none";0;"none";"none";"none";"ibp";"processed_voil_to_oilcrop_none_none";"%";1.65;"interactions_constants";"missing-reference"
"constant";"constant";"constants";"land_alloc_algae_energy[%]";"none";0;"none";"none";"none";"land";"alloc_algae_energy_none_none_none";"%";0.3333333333333333;"interactions_constants";"missing-reference"
"constant";"constant";"constants";"land_alloc_algae_feed[%]";"none";0;"none";"none";"none";"land";"alloc_algae_feed_none_none_none";"%";0.6666666666666666;"interactions_constants";"missing-reference"
"constant";"constant";"constants";"land_alloc_insect_energy[%]";"none";0;"none";"none";"none";"land";"alloc_insect_energy_none_none_none";"%";0.3333333333333333;"interactions_constants";"missing-reference"
"constant";"constant";"constants";"land_alloc_insect_feed[%]";"none";0;"none";"none";"none";"land";"alloc_insect_feed_none_none_none";"%";0.6666666666666666;"interactions_constants";"missing-reference"
"constant";"constant";"constants";"lbp_bovine_split_c1_afats[t/kcal]";"none";0;"none";"none";"none";"lbp";"bovine_split_c1_afats_none_none";"t/kcal";0.000000007141634241245137;"interactions_constants";"missing-reference"
"constant";"constant";"constants";"lbp_bovine_split_c1_proteins[t/kcal]";"none";0;"none";"none";"none";"lbp";"bovine_split_c1_proteins_none_none";"t/kcal";0.000000010566277561608302;"interactions_constants";"missing-reference"
"constant";"constant";"constants";"lbp_bovine_split_c2_afats[t/kcal]";"none";0;"none";"none";"none";"lbp";"bovine_split_c2_afats_none_none";"t/kcal";0.000000011609533813673418;"interactions_constants";"missing-reference"
"constant";"constant";"constants";"lbp_bovine_split_c2_proteins[t/kcal]";"none";0;"none";"none";"none";"lbp";"bovine_split_c2_proteins_none_none";"t/kcal";0.000000017269311002944184;"interactions_constants";"missing-reference"
"constant";"constant";"constants";"lbp_bovine_split_c3_afats[t/kcal]";"none";0;"none";"none";"none";"lbp";"bovine_split_c3_afats_none_none";"t/kcal";0.000000019117634413225277;"interactions_constants";"missing-reference"
"constant";"constant";"constants";"lbp_bovine_split_c3_proteins[t/kcal]";"none";0;"none";"none";"none";"lbp";"bovine_split_c3_proteins_none_none";"t/kcal";0.00000005233101160149336;"interactions_constants";"missing-reference"
"constant";"constant";"constants";"lbp_oth-animals_split_c1_afats[t/kcal]";"none";0;"none";"none";"none";"lbp";"oth-animals_split_c1_afats_none_none";"t/kcal";0.000000003932359735372116;"interactions_constants";"missing-reference"
"constant";"constant";"constants";"lbp_oth-animals_split_c1_proteins[t/kcal]";"none";0;"none";"none";"none";"lbp";"oth-animals_split_c1_proteins_none_none";"t/kcal";0.000000005818052707889725;"interactions_constants";"missing-reference"
"constant";"constant";"constants";"lbp_oth-animals_split_c2_afats[t/kcal]";"none";0;"none";"none";"none";"lbp";"oth-animals_split_c2_afats_none_none";"t/kcal";0.000000005417070363900999;"interactions_constants";"missing-reference"
"constant";"constant";"constants";"lbp_oth-animals_split_c2_proteins[t/kcal]";"none";0;"none";"none";"none";"lbp";"oth-animals_split_c2_proteins_none_none";"t/kcal";0.0000000080579525707448;"interactions_constants";"missing-reference"
"constant";"constant";"constants";"lbp_oth-animals_split_c3_afats[t/kcal]";"none";0;"none";"none";"none";"lbp";"oth-animals_split_c3_afats_none_none";"t/kcal";0.000000017060306006162926;"interactions_constants";"missing-reference"
"constant";"constant";"constants";"lbp_oth-animals_split_c3_proteins[t/kcal]";"none";0;"none";"none";"none";"lbp";"oth-animals_split_c3_proteins_none_none";"t/kcal";0.00000004669945309320943;"interactions_constants";"missing-reference"
"constant";"constant";"constants";"lbp_pig_split_c2_afats[t/kcal]";"none";0;"none";"none";"none";"lbp";"pig_split_c2_afats_none_none";"t/kcal";0.0000000045586710314959026;"interactions_constants";"missing-reference"
"constant";"constant";"constants";"lbp_pig_split_c2_proteins[t/kcal]";"none";0;"none";"none";"none";"lbp";"pig_split_c2_proteins_none_none";"t/kcal";0.0000000067810739919887765;"interactions_constants";"missing-reference"
"constant";"constant";"constants";"lbp_pig_split_c3_afats[t/kcal]";"none";0;"none";"none";"none";"lbp";"pig_split_c3_afats_none_none";"t/kcal";0.00000000867469328891778;"interactions_constants";"missing-reference"
"constant";"constant";"constants";"lbp_pig_split_c3_proteins[t/kcal]";"none";0;"none";"none";"none";"lbp";"pig_split_c3_proteins_none_none";"t/kcal";0.000000023745379021774458;"interactions_constants";"missing-reference"
"constant";"constant";"constants";"lbp_poultry_split_c1_afats[t/kcal]";"none";0;"none";"none";"none";"lbp";"poultry_split_c1_afats_none_none";"t/kcal";0.0000000023277224824356062;"interactions_constants";"missing-reference"
"constant";"constant";"constants";"lbp_poultry_split_c1_proteins[t/kcal]";"none";0;"none";"none";"none";"lbp";"poultry_split_c1_proteins_none_none";"t/kcal";0.000000003443940281030435;"interactions_constants";"missing-reference"
"constant";"constant";"constants";"lbp_poultry_split_c2_afats[t/kcal]";"none";0;"none";"none";"none";"lbp";"poultry_split_c2_afats_none_none";"t/kcal";0.00000000232083863901479;"interactions_constants";"missing-reference"
"constant";"constant";"constants";"lbp_poultry_split_c2_proteins[t/kcal]";"none";0;"none";"none";"none";"lbp";"poultry_split_c2_proteins_none_none";"t/kcal";0.000000003452273354645107;"interactions_constants";"missing-reference"
"constant";"constant";"constants";"lbp_poultry_split_c3_afats[t/kcal]";"none";0;"none";"none";"none";"lbp";"poultry_split_c3_afats_none_none";"t/kcal";0.000000016031641802631754;"interactions_constants";"missing-reference"
"constant";"constant";"constants";"lbp_poultry_split_c3_proteins[t/kcal]";"none";0;"none";"none";"none";"lbp";"poultry_split_c3_proteins_none_none";"t/kcal";0.00000004388367383906747;"interactions_constants";"missing-reference"
"constant";"constant";"constants";"lbp_sheep_split_c1_afats[t/kcal]";"none";0;"none";"none";"none";"lbp";"sheep_split_c1_afats_none_none";"t/kcal";0.000000004402328897338404;"interactions_constants";"missing-reference"
"constant";"constant";"constants";"lbp_sheep_split_c1_proteins[t/kcal]";"none";0;"none";"none";"none";"lbp";"sheep_split_c1_proteins_none_none";"t/kcal";0.00000000651338719898606;"interactions_constants";"missing-reference"
"constant";"constant";"constants";"lbp_sheep_split_c2_afats[t/kcal]";"none";0;"none";"none";"none";"lbp";"sheep_split_c2_afats_none_none";"t/kcal";0.000000013505568486846222;"interactions_constants";"missing-reference"
"constant";"constant";"constants";"lbp_sheep_split_c2_proteins[t/kcal]";"none";0;"none";"none";"none";"lbp";"sheep_split_c2_proteins_none_none";"t/kcal";0.000000020089683721513012;"interactions_constants";"missing-reference"
"constant";"constant";"constants";"lbp_sheep_split_c3_afats[t/kcal]";"none";0;"none";"none";"none";"lbp";"sheep_split_c3_afats_none_none";"t/kcal";0.000000006930180783424014;"interactions_constants";"missing-reference"
"constant";"constant";"constants";"lbp_sheep_split_c3_proteins[t/kcal]";"none";0;"none";"none";"none";"lbp";"sheep_split_c3_proteins_none_none";"t/kcal";0.000000018970096568376877;"interactions_constants";"missing-reference"
"constant";"constant";"constants";"liquid_tec_biodiesel_btl_fdk_lgn[kcal/TWh]";"none";0;"none";"none";"none";"liquid";"tec_biodiesel_btl_fdk_lgn_none";"kcal/TWh";924333619948.4093;"interactions_constants";"missing-reference"
"constant";"constant";"constants";"liquid_tec_biodiesel_est_fdk_oil[kcal/TWh]";"none";0;"none";"none";"none";"liquid";"tec_biodiesel_est_fdk_oil_none";"kcal/TWh";760103181427.343;"interactions_constants";"missing-reference"
"constant";"constant";"constants";"liquid_tec_biodiesel_hvo_fdk_oil[kcal/TWh]";"none";0;"none";"none";"none";"liquid";"tec_biodiesel_hvo_fdk_oil_none";"kcal/TWh";608082545141.874;"interactions_constants";"missing-reference"
"constant";"constant";"constants";"liquid_tec_biogasoline_ezm_fdk_lgn[kcal/TWh]";"none";0;"none";"none";"none";"liquid";"tec_biogasoline_ezm_fdk_lgn_none";"kcal/TWh";924333619948.4093;"interactions_constants";"missing-reference"
"constant";"constant";"constants";"liquid_tec_biogasoline_fer_fdk_eth[kcal/TWh]";"none";0;"none";"none";"none";"liquid";"tec_biogasoline_fer_fdk_eth_none";"kcal/TWh";860420650365.4342;"interactions_constants";"missing-reference"
"constant";"constant";"constants";"liquid_tec_biojetkerosene_btl_fdk_lgn[kcal/TWh]";"none";0;"none";"none";"none";"liquid";"tec_biojetkerosene_btl_fdk_lgn_none";"kcal/TWh";924333619948.4093;"interactions_constants";"missing-reference"
"constant";"constant";"constants";"liquid_tec_biojetkerosene_hvo_fdk_oil[kcal/TWh]";"none";0;"none";"none";"none";"liquid";"tec_biojetkerosene_hvo_fdk_oil_none";"kcal/TWh";608082545141.874;"interactions_constants";"missing-reference"
"constant";"constant";"constants";"load_hours-per-year-twh[h]";"none";0;"none";"none";"none";"load";"hours-per-year-twh_none_none_none_none_none";"h";8.76;"interactions_constants";"missing-reference"
"constant";"constant";"constants";"load_hours-per-year[h]";"none";0;"none";"none";"none";"load";"hours-per-year_none_none_none_none_none";"h";8760;"interactions_constants";"missing-reference"
"constant";"constant";"constants";"meals-yield_algae-crop[%]";"none";0;"none";"none";"none";"meals-yield";"algae-crop_none_none_none_none_none";"%";1.5;"interactions_constants";"missing-reference"
"constant";"constant";"constants";"meals-yield_algae-voil[%]";"none";0;"none";"none";"none";"meals-yield";"algae-voil_none_none_none_none_none";"%";0.5;"interactions_constants";"missing-reference"
"constant";"constant";"constants";"meals-yield_cereal-crop[%]";"none";0;"none";"none";"none";"meals-yield";"cereal-crop_none_none_none_none_none";"%";2.857142857142857;"interactions_constants";"missing-reference"
"constant";"constant";"constants";"meals-yield_cereal-ethanol[%]";"none";0;"none";"none";"none";"meals-yield";"cereal-ethanol_none_none_none_none_none";"%";0.5;"interactions_constants";"missing-reference"
"constant";"constant";"constants";"meals-yield_insect-crop[%]";"none";0;"none";"none";"none";"meals-yield";"insect-crop_none_none_none_none_none";"%";4;"interactions_constants";"missing-reference"
"constant";"constant";"constants";"meals-yield_insect-manure[%]";"none";0;"none";"none";"none";"meals-yield";"insect-manure_none_none_none_none_none";"%";1;"interactions_constants";"missing-reference"
"constant";"constant";"constants";"meals-yield_insect-oil[%]";"none";0;"none";"none";"none";"meals-yield";"insect-oil_none_none_none_none_none";"%";1;"interactions_constants";"missing-reference"
"constant";"constant";"constants";"meals-yield_oilcrops-crop[%]";"none";0;"none";"none";"none";"meals-yield";"oilcrops-crop_none_none_none_none_none";"%";2;"interactions_constants";"missing-reference"
"constant";"constant";"constants";"meals-yield_oilcrops-voil[%]";"none";0;"none";"none";"none";"meals-yield";"oilcrops-voil_none_none_none_none_none";"%";1;"interactions_constants";"missing-reference"
"constant";"constant";"constants";"pgai_mature_low[%]";"none";0;"none";"none";"none";"pgai";"mature_low_none_none_none_none";"%";0.05;"interactions_constants";"missing-reference"
"constant";"constant";"constants";"pgai_mature_medium[%]";"none";0;"none";"none";"none";"pgai";"mature_medium_none_none_none_none";"%";0.02;"interactions_constants";"missing-reference"
"constant";"constant";"constants";"pgai_young_low[%]";"none";0;"none";"none";"none";"pgai";"young_low_none_none_none_none";"%";0.054;"interactions_constants";"missing-reference"
"constant";"constant";"constants";"pgai_young_medium[%]";"none";0;"none";"none";"none";"pgai";"young_medium_none_none_none_none";"%";0.031;"interactions_constants";"missing-reference"
"constant";"constant";"constants";"residues_yields_cereal[%]";"none";0;"none";"none";"none";"residues";"yields_cereal_none_none_none_none";"%";0.1;"interactions_constants";"missing-reference"
"constant";"constant";"constants";"residues_yields_oilcrops[%]";"none";0;"none";"none";"none";"residues";"yields_oilcrops_none_none_none_none";"%";0.1;"interactions_constants";"missing-reference"
"constant";"constant";"constants";"shouse_bov_afats[tons/#]";"none";0;"none";"none";"none";"shouse";"bov_afats_none_none_none_none";"tons/#";0.019;"interactions_constants";"missing-reference"
"constant";"constant";"constants";"shouse_bov_feed[tons/#]";"none";0;"none";"none";"none";"shouse";"bov_feed_none_none_none_none";"tons/#";3.6;"interactions_constants";"missing-reference"
"constant";"constant";"constants";"shouse_bov_manure[tons/#]";"none";0;"none";"none";"none";"shouse";"bov_manure_none_none_none_none";"tons/#";12.41;"interactions_constants";"missing-reference"
"constant";"constant";"constants";"shouse_bov_offal[tons/#]";"none";0;"none";"none";"none";"shouse";"bov_offal_none_none_none_none";"tons/#";0.026;"interactions_constants";"missing-reference"
"constant";"constant";"constants";"shouse_dairy_feed[tons/#]";"none";0;"none";"none";"none";"shouse";"dairy_feed_none_none_none_none";"tons/#";4.5;"interactions_constants";"missing-reference"
"constant";"constant";"constants";"shouse_oth-animals_afats[tons/#]";"none";0;"none";"none";"none";"shouse";"oth-animals_afats_none_none_none_none";"tons/#";0;"interactions_constants";"missing-reference"
"constant";"constant";"constants";"shouse_oth-animals_feed[tons/#]";"none";0;"none";"none";"none";"shouse";"oth-animals_feed_none_none_none_none";"tons/#";0;"interactions_constants";"missing-reference"
"constant";"constant";"constants";"shouse_oth-animals_manure[tons/#]";"none";0;"none";"none";"none";"shouse";"oth-animals_manure_none_none_none_none";"tons/#";1;"interactions_constants";"missing-reference"
"constant";"constant";"constants";"shouse_oth-animals_offal[tons/#]";"none";0;"none";"none";"none";"shouse";"oth-animals_offal_none_none_none_none";"tons/#";0;"interactions_constants";"missing-reference"
"constant";"constant";"constants";"shouse_pigs_afats[tons/#]";"none";0;"none";"none";"none";"shouse";"pigs_afats_none_none_none_none";"tons/#";0.015;"interactions_constants";"missing-reference"
"constant";"constant";"constants";"shouse_pigs_feed[tons/#]";"none";0;"none";"none";"none";"shouse";"pigs_feed_none_none_none_none";"tons/#";1.17;"interactions_constants";"missing-reference"
"constant";"constant";"constants";"shouse_pigs_manure[tons/#]";"none";0;"none";"none";"none";"shouse";"pigs_manure_none_none_none_none";"tons/#";1.825;"interactions_constants";"missing-reference"
"constant";"constant";"constants";"shouse_pigs_offal[tons/#]";"none";0;"none";"none";"none";"shouse";"pigs_offal_none_none_none_none";"tons/#";0.0049;"interactions_constants";"missing-reference"
"constant";"constant";"constants";"shouse_poultry_afats[tons/#]";"none";0;"none";"none";"none";"shouse";"poultry_afats_none_none_none_none";"tons/#";0;"interactions_constants";"missing-reference"
"constant";"constant";"constants";"shouse_poultry_feed[tons/#]";"none";0;"none";"none";"none";"shouse";"poultry_feed_none_none_none_none";"tons/#";0.036000000000000004;"interactions_constants";"missing-reference"
"constant";"constant";"constants";"shouse_poultry_manure[tons/#]";"none";0;"none";"none";"none";"shouse";"poultry_manure_none_none_none_none";"tons/#";0.0365;"interactions_constants";"missing-reference"
"constant";"constant";"constants";"shouse_poultry_offal[tons/#]";"none";0;"none";"none";"none";"shouse";"poultry_offal_none_none_none_none";"tons/#";0;"interactions_constants";"missing-reference"
"constant";"constant";"constants";"shouse_sheep_afats[tons/#]";"none";0;"none";"none";"none";"shouse";"sheep_afats_none_none_none_none";"tons/#";0.001;"interactions_constants";"missing-reference"
"constant";"constant";"constants";"shouse_sheep_feed[tons/#]";"none";0;"none";"none";"none";"shouse";"sheep_feed_none_none_none_none";"tons/#";0.6749999999999999;"interactions_constants";"missing-reference"
"constant";"constant";"constants";"shouse_sheep_manure[tons/#]";"none";0;"none";"none";"none";"shouse";"sheep_manure_none_none_none_none";"tons/#";1.095;"interactions_constants";"missing-reference"
"constant";"constant";"constants";"shouse_sheep_offal[tons/#]";"none";0;"none";"none";"none";"shouse";"sheep_offal_none_none_none_none";"tons/#";0.001;"interactions_constants";"missing-reference"
"constant";"constant";"constants";"soil-emission-factors_cropland_ca[tCO2e/ha/an]";"none";0;"none";"none";"none";"soil-emission-factors";"cropland_ca_none_none_none_none";"tCO2e/ha/an";1.468;"interactions_constants";"missing-reference"
"constant";"constant";"constants";"soil-emission-factors_cropland_conv[tCO2e/ha/an]";"none";0;"none";"none";"none";"soil-emission-factors";"cropland_conv_none_none_none_none";"tCO2e/ha/an";0;"interactions_constants";"missing-reference"
"constant";"constant";"constants";"soil-emission-factors_forest_mature[tCO2e/ha/an]";"none";0;"none";"none";"none";"soil-emission-factors";"forest_mature_none_none_none_none";"tCO2e/ha/an";2.5;"interactions_constants";"missing-reference"
"constant";"constant";"constants";"soil-emission-factors_forest_young[tCO2e/ha/an]";"none";0;"none";"none";"none";"soil-emission-factors";"forest_young_none_none_none_none";"tCO2e/ha/an";6.3;"interactions_constants";"missing-reference"
"constant";"constant";"constants";"soil-emission-factors_grassland_mature[tCO2e/ha/an]";"none";0;"none";"none";"none";"soil-emission-factors";"grassland_mature_none_none_none_none";"tCO2e/ha/an";0.734;"interactions_constants";"missing-reference"
"constant";"constant";"constants";"soil-emission-factors_grassland_young[tCO2e/ha/an]";"none";0;"none";"none";"none";"soil-emission-factors";"grassland_young_none_none_none_none";"tCO2e/ha/an";1.835;"interactions_constants";"missing-reference"
"constant";"constant";"constants";"cp_time_days-per-year[days]";"none";0;"none";"cp";"none";"time";"days-per-year";"days";365;"interactions_constants";"missing-reference"
